short_name,conference,year,conference_status,category,summary_ja,paper_url,code_url,model_urls,release_scope_ja,notes_ja,checked_on
ToonComposer,ICLR,2026,ICLR 2026公式論文一覧で確認,作画・映像・ベクターアニメ,色付きの参照画像と少数のキーフレーム線画から、中割りと彩色をまとめて行い、アニメ映像を生成する。,https://arxiv.org/abs/2508.10881,https://github.com/TencentARC/ToonComposer,https://huggingface.co/TencentARC/ToonComposer,480p・608pの専用チェックポイント。Wan2.1-I2V-14B-480Pも必要。,公式目安は480p・61フレームで約57GB VRAM。会議年はICLR 2026、プレプリント初出は2025年。,2026-09-06
GenCompositor,ICLR,2026,採択・発表先を著者公式情報で確認,作画・映像・ベクターアニメ,前景の被写体動画を背景動画へ合成する。位置・大きさ・移動経路を指定し、背景に合う見た目の映像を生成する。,https://openreview.net/forum?id=ynim5u2N4i,https://github.com/TencentARC/GenCompositor,https://huggingface.co/TencentARC/GenCompositor,合成用branch・transformerの重みと推論・学習コード。CogVideoX-5B-I2V等も必要。,,2026-09-06
SCAIL,CVPR,2026,Findings Track（メインのTechnical Papersとは区別）,作画・映像・ベクターアニメ,キャラクター画像と姿勢の動きから、そのキャラクターが演技する動画を生成する。3Dの整合性を持つ姿勢表現を利用する。,https://arxiv.org/abs/2512.05905,https://github.com/zai-org/SCAIL,https://huggingface.co/zai-org/SCAIL-Preview,SCAIL-Preview 14Bの推論コードと専用重み。,CVPRのFindingsトラック。著者READMEにComfyUI対応とBlenderリグ利用へのリンクあり。連携の実機検証は未実施。,2026-09-06
One-to-All Animation,CVPR,2026,CVPR 2026 Poster（本会議）,作画・映像・ベクターアニメ,参照キャラクターと姿勢指定から、画像のポーズ変更やアニメーションを生成する。参照画像との事前の位置合わせを省く設計。,https://arxiv.org/abs/2511.22940,https://github.com/ssj9596/One-to-All-Animation,https://huggingface.co/MochunniaN1/One-to-All-1.3b_2,動画生成用1.3B v2の2分割safetensorsを確認。,他のモデル版も著者が案内しているが、本一覧の重み確認対象は1.3B v2。,2026-09-06
OmniLottie,CVPR,2026,採択・発表先を著者公式情報で確認,作画・映像・ベクターアニメ,文章・画像・動画から、編集可能なLottie形式のベクターアニメーションを生成する。UI演出や動く図形・アイコン向け。,https://arxiv.org/abs/2603.02138,https://github.com/OpenVGLab/OmniLottie,https://huggingface.co/OmniLottie/OmniLottie,4Bモデルと推論コード。出力はLottie JSON。,ラスター動画とは異なり、ベクター要素と時間変化を扱う。,2026-09-06
PersonaLive,CVPR,2026,採択・発表先を著者公式情報で確認,作画・映像・ベクターアニメ,1枚の肖像画像を、入力映像の表情・頭部の動きに合わせて動かす。長い映像を逐次処理する配信向けポートレートアニメーション。,https://arxiv.org/abs/2512.11253,https://github.com/GVCLab/PersonaLive,https://huggingface.co/huaichang/PersonaLive,専用UNet・motion encoder等の重みとオンライン／オフライン推論コード。,著者READMEはacademic research onlyと明記。2026-08-28に後継EditaLiveへの案内あり。本項目はCVPR採択のPersonaLive版。,2026-09-06
PhysRVG,ECCV,2026,採択・発表先を著者公式情報で確認,作画・映像・ベクターアニメ,入力動画内の対象を点で指定し、落下・衝突などの物理的な動きを改善した動画を生成する。強化学習で動画モデルを調整する研究。,https://arxiv.org/abs/2601.11087,https://github.com/ant-research/PhysRVG,https://huggingface.co/HappyP4nda/PhysRVG,専用DiT・LoRAの重みと推論・学習コード。Wan2.2-TI2V-5Bベース。,物理シミュレータとしての数値的正確性を保証するものではない。,2026-09-06
Wan-Move,NeurIPS,2025,採択・発表先を著者公式情報で確認,作画・映像・ベクターアニメ,画像と点の移動軌跡を指定し、被写体の動きを制御した動画を生成する。動線を決めた映像演出向け。,https://arxiv.org/abs/2512.08765,https://github.com/ali-vilab/Wan-Move,https://huggingface.co/Ruihang/Wan-Move-14B-480P,14B・480pモデルの7分割safetensors。公式例は5秒の動画。,NeurIPS 2026は確認日時点で採択通知前のため、2025年を採用。,2026-09-06
LIGHT,ICLR,2026,採択・発表先を著者公式情報で確認,3Dモーション・キャラクター演技,人物が物を持つ・運ぶなど、人と物体が接触して動く3Dアニメーションを生成する。人と物体の動きを別々の速さで整えていく。,https://arxiv.org/abs/2603.25734,https://github.com/wzyabcas/LIGHT,https://drive.google.com/file/d/142UBxI1XyGVeopk0_azD_B_FDE_HPS8J/view,著者リンクのpretrained_checkpoints.zipと推論・学習コード。,SMPL系モデルやデータの準備は別途必要。,2026-09-06
MotionPyramid,SCA,2026,Computer Graphics Forum / Proceedings of SCA 2026,3Dモーション・キャラクター演技,文章から3Dの人物動作を生成し、動作内容・周期や速さ・スタイルを調整する。Unityで生成結果を確認できる。,https://igl.ethz.ch/projects/MotionPyramid/,https://github.com/Lee-abcde/MotionPyramid,https://drive.google.com/drive/folders/1w977lVQIOYd5FNONwmRtoLqpXjhOxHLE; https://drive.google.com/drive/folders/1GIFQUfyG46N563jkb8-Rdwxm__UznHad; https://drive.google.com/drive/folders/1Tp0WtckZh7XXVBRQaE6z3QTvBoTG0n2P,VQ位相表現、phase-to-motion、text-to-phaseの学習済み重みとPython／Unityコード。,配布フォルダのdiffusion重みはmodel001680000.pt。READMEのphase-to-motion例はmodel001480000.ptなので、実行時には配布ファイル名への調整が必要。,2026-09-06
GEM,ICCV,2025,ICCV 2025 Highlight,3Dモーション・キャラクター演技,映像や文章などを条件に3Dの人体動作を復元・生成する。公開GEM-SMPLのデモは動画と文章を組み合わせた入力に対応する。,https://arxiv.org/abs/2505.01425,https://github.com/NVlabs/GENMO,https://huggingface.co/nvidia/GEM-X,2026年3月公開のGEM-SMPLコードとgem_smpl.ckpt。配布先名はGEM-X。,会議年はICCV 2025。GEM-Xの他の重みまでこの論文の公開範囲に含めない。コードはNVIDIA OneWay Noncommercial。,2026-09-06
Ponimator,ICCV,2025,採択・発表先を著者公式情報で確認,3Dモーション・キャラクター演技,2人が触れ合うポーズなどを起点に、抱擁や対人動作の3Dアニメーションを生成する。人物同士の接触を伴う演技向け。,https://arxiv.org/abs/2510.14976,https://github.com/stevenlsw/ponimator,https://huggingface.co/shaoweiliu/ponimator,contactpose.ckpt・contactmotion.ckptと生成コード。,人体モデルや入力ポーズ推定などの依存物は別途必要。,2026-09-06
GELINA,ICASSP,2026,ICASSP 2026 Oral,3Dモーション・キャラクター演技,文章から音声と、それに同期した3Dジェスチャーを生成する。話すキャラクターの声と身振りを一緒に作る用途。,https://arxiv.org/abs/2510.12834,https://github.com/TGuichoux/Gelina,https://drive.google.com/file/d/1JnfyYCH0TQ6JpQl1duL6XN4hlj07iYmd/view,著者リンクのcheckpoints.zipと推論コード。,音声条件からのジェスチャー生成も扱う。,2026-09-06
Being-H0,ICML,2026,採択・発表先を著者公式情報で確認,3Dモーション・キャラクター演技,画像と作業の文章から、物を扱う手指・手首の動きを生成する。主目的はロボット学習で、手と物体の演技研究への応用候補。,https://arxiv.org/abs/2507.15597,https://github.com/BeingBeyond/Being-H0,https://huggingface.co/BeingBeyond/Being-H0-GRVQ-8K; https://huggingface.co/BeingBeyond/Being-H0-1B-2508,GRVQ手指・手首モデルと1B VLAの重みを確認。,全身アニメ制作ツールではない。MANO等が別途必要。後続Being-H0.5／H0.7は本項目の検証範囲外。,2026-09-06
PAct,SIGGRAPH Asia,2026,採択告知あり・開催前（著者README）,動かせる3Dアセット,1枚の画像から、部品と関節を持つ3D物体を生成する。扉・家具などの可動小物を、動かせるアセットへ変換する用途。,https://arxiv.org/abs/2602.14965,https://github.com/Mobiuslqm/PAct,https://huggingface.co/PAct000/PAct,パーツ構造・関節推定等の5モデルと推論・学習コード。,重みはCC BY-NC-SA 4.0。著者READMEの採択告知に基づく掲載で、SIGGRAPH Asia 2026は開催前。,2026-09-06
Puppeteer,NeurIPS,2025,NeurIPS 2025 Spotlight,動かせる3Dアセット,静的な3Dメッシュに骨格とスキニングを付ける。さらに参照動画を使って動きを最適化し、モデルをアニメーション化する。,https://arxiv.org/abs/2508.10898,https://github.com/Seed3D/Puppeteer,https://huggingface.co/Seed3D/Puppeteer,公開重みは骨格生成・スキニング用。動画からの動作付けは最適化処理。,NeurIPS 2026は確認日時点で採択通知前のため、2025年を採用。,2026-09-06
ControlFoley,ACM MM,2026,採択・発表先を著者公式情報で確認,効果音・音声・音響,動画に合う効果音を生成する。文章・参照音・発音タイミングも使って、足音や物音などの内容と出る時刻を調整する。,https://arxiv.org/abs/2604.15086,https://github.com/xiaomi-research/controlfoley,https://huggingface.co/YJX-Xiaomi/ControlFoley,controlfoley.pthと推論コード。補助モデルも配布。,コードApache-2.0、モデルCC BY-NC 4.0。公開済みでも商用利用可とは限らない。,2026-09-06
OV-InstructTTS,ICASSP,2026,採択・発表先を著者公式情報で確認,効果音・音声・音響,読み上げる文章に、感情や話し方の自然言語指示を添えて音声を生成する。台詞の演技指定に関係する研究。,https://arxiv.org/abs/2601.01459,https://github.com/y-ren16/OV-InstructTTS,https://huggingface.co/y-ren16/OV-InstructTTS,専用モデル2分割safetensorsとtoken2wavの重み。,公開推論コードはOV-InstructTTS-TEP。日本語での演技品質は未検証。,2026-09-06
MSpoofTTS,Interspeech,2026,採択・発表先を著者公式情報で確認,効果音・音声・音響,音声合成中の複数候補を学習済み判別器で評価し、より自然な読み上げを選ぶ。既存TTSの推論を改善する手法。,https://arxiv.org/abs/2603.05373,https://github.com/Danny-NUS/MSpoofTTS,https://huggingface.co/Chanson-0803/MSpoofTTS,本研究の判別器5チェックポイントとNeuTTSに組み込む推論コード。,独立したTTS基盤モデルの新規配布ではない。NeuTTSの重みと利用条件も適用される。,2026-09-06
UR-BERT,Interspeech,2026,採択・発表先を著者公式情報で確認,効果音・音声・音響,文字を共通のローマ字表現に変換し、多言語の音声合成に使うテキストエンコーダを学習する。多言語吹き替えの基盤研究。,https://arxiv.org/abs/2606.11681,https://github.com/sanghyang00/ur-bert,https://huggingface.co/Sanghyang00/urbert-256,UR-BERTエンコーダと複数言語のVITS微調整チェックポイント。,495言語はエンコーダの対象範囲であり、495言語分の完成TTS重みの公開を意味しない。,2026-09-06
HARP,Interspeech,2026,採択・発表先を著者公式情報で確認,効果音・音声・音響,音声を低ビットレートのトークンへ圧縮・復元する。倍音情報を考慮した音響コーデックで、音素材の伝送や圧縮の基盤向け。,https://arxiv.org/abs/2607.16657,https://github.com/QiaoyuYang/harp-codec,https://huggingface.co/KelvinYang/harp-codec,harp.ckptと圧縮・復元コード。,楽曲や効果音そのものを指示から生成するモデルではない。,2026-09-06
