title,category,paper_url,code_url,model_urls,access,notes,checked_on
AniGen: Unified S³ Fields for Animatable 3D Asset Generation,3D生成・CAD・幾何処理,https://doi.org/10.1145/3811297,https://github.com/VAST-AI-Research/AniGen,https://huggingface.co/VAST-AI/AniGen,public,DAE・Flowなどを配布。,2026-09-06
B-repLer: Language-guided Editing of CAD Models,3D生成・CAD・幾何処理,https://doi.org/10.1145/3799902.3811166,https://github.com/yilinliu77/Brepler,https://www.dropbox.com/scl/fi/38klqe5hdomc6t9xbiv84/brepler_ckpt.zip?rlkey=ebo0oabf6p1zkxnt0eamkj976&dl=0,public,編集モデルとHoLa VAE。,2026-09-06
CubePart: An Open-Vocabulary Part-Controllable 3D Generator,3D生成・CAD・幾何処理,https://doi.org/10.1145/3799902.3811117,https://github.com/Roblox/cube/tree/main/cubepart,https://huggingface.co/Roblox/cubepart,public,公開部分はmulti-part mesh decompositionとshape VAE。,2026-09-06
DeepMill++: Neural Guidance Meets Rasterization for Efficient Accessibility Analysis,3D生成・CAD・幾何処理,https://doi.org/10.1145/3799902.3811091,https://github.com/YaoZhang-666/DeepMillPlusPlus,https://github.com/YaoZhang-666/DeepMillPlusPlus/tree/main/DeepM/pretrained,public,DeepMモデル。Git LFS配布。,2026-09-06
DualBrep: A Dual-Field Continuous Representation for B-rep Modelling,3D生成・CAD・幾何処理,https://doi.org/10.1145/3799902.3811057,https://github.com/AutodeskAILab/DualBrep,https://huggingface.co/ADSKAILab/DualBrep,public,checkpoints.zipにVAE・Flow・parametrizer。,2026-09-06
InfiniteDiffusion: Bridging Learned Fidelity and Procedural Utility for Open-World Terrain Generation,3D生成・CAD・幾何処理,https://doi.org/10.1145/3799902.3811080,https://github.com/xandergos/terrain-diffusion,https://huggingface.co/collections/xandergos/terrain-diffusion,public,Terrain Diffusionのモデル群。論文の旧題との重複を統合。,2026-09-06
MeshFlow: Mesh Generation with Equivariant Flow Matching,3D生成・CAD・幾何処理,https://doi.org/10.1145/3799902.3811195,https://github.com/qiisun/MeshFlow,https://huggingface.co/datasets/qsun2001/meshflow/tree/main/v1,public,ShapeNetの4カテゴリの重み。配布先はHF datasetリポジトリ。,2026-09-06
Learning Laplacian Eigenspace with Mass-Aware Neural Operators on Point Clouds,3D生成・CAD・幾何処理,https://doi.org/10.1145/3799902.3811185,https://github.com/Adversarr/NEO,https://drive.google.com/drive/folders/12026qTECiGywESPz6WSbpgD8BPMd41Ha,public,NEOの学習済み重み。,2026-09-06
Neural Particle Automata: Learning Self-Organizing Particle Dynamics,3D生成・CAD・幾何処理,https://doi.org/10.1145/3799902.3811052,https://github.com/TheDevilWillBeBee/NPA,https://github.com/TheDevilWillBeBee/NPA/tree/main/data/pretrained,public,lizard・polka_dottedの学習済みモデル。,2026-09-06
NeuralSketch2Surf: Fast Neural Surfacing of Unoriented 3D Sketches,3D生成・CAD・幾何処理,https://doi.org/10.1145/3799902.3811227,https://github.com/Hongsheng-Y/NeuralSketch2Surf,https://huggingface.co/HongshengY/S2V_Net,public,TorchScript/PyTorchチェックポイント。,2026-09-06
Pixal3D: Pixel-Aligned 3D Generation from Images,3D生成・CAD・幾何処理,https://doi.org/10.1145/3799902.3811175,https://github.com/TencentARC/Pixal3D,https://huggingface.co/TencentARC/Pixal3D,public,論文再現用は paper ブランチ。最新実装と区別。,2026-09-06
Points as Tori: Fast Pointwise Signed Distance for Point Clouds,3D生成・CAD・幾何処理,https://doi.org/10.1145/3811385,https://github.com/nzfeng/points-as-tori,https://github.com/nzfeng/points-as-tori/tree/main/src/pointsastori/models,public,小規模な学習済みネットワークを同梱。,2026-09-06
Raster2Seq: Polygon Sequence Generation for Floorplan Reconstruction,3D生成・CAD・幾何処理,https://doi.org/10.1145/3799902.3811124,https://github.com/Cornell-VAILab/Raster2Seq,https://huggingface.co/haopt/Raster2Seq,public,床面図復元モデル。,2026-09-06
SegviGen: Repurposing 3D Generative Model for Part Segmentation,3D生成・CAD・幾何処理,https://doi.org/10.1145/3811399,https://github.com/Nelipot-Lee/SegviGen,https://huggingface.co/fenghora/SegviGen,public,部分指定・全体分割・2D誘導の重みを配布。,2026-09-06
SimArt: Decomposing Monolithic Meshes into Sim-ready Articulated Assets via MLLM,3D生成・CAD・幾何処理,https://doi.org/10.1145/3799902.3811173,https://github.com/ByteDance-Seed/SimArt,https://huggingface.co/ByteDance-Seed/SimArt,public,MLLMとVQ-VAEの重み。,2026-09-06
SQuadGen: Generating Simple Quad Layouts via Chart Distance Fields,3D生成・CAD・幾何処理,https://doi.org/10.1145/3811348,https://github.com/microsoft/SQuadGen,https://huggingface.co/microsoft/SQuadGen,public,SQ-VAE・Geom-AE・SQDiffuse。,2026-09-06
SuperSDF: Sparse SDF Super-Resolution for Surface Extraction,3D生成・CAD・幾何処理,https://doi.org/10.1145/3799902.3811176,https://github.com/Sagar160/SSU,https://github.com/Sagar160/SSU/tree/main/run/data,public,リポジトリ内にモデル重みを収録。,2026-09-06
Generative 3D Gaussians with Learned Density Control,3D生成・CAD・幾何処理,https://doi.org/10.1145/3799902.3811130,https://github.com/runjie-yan/TripoSplat-Training,https://huggingface.co/VAST-AI/TripoSplat,public,TripoSplat。DINOv3等の依存モデルには別途アクセス条件あり。,2026-09-06
ArtiFixer: Enhancing and Extending 3D Reconstruction with Auto-Regressive Diffusion Models,3D復元・理解,https://doi.org/10.1145/3799902.3811060,https://github.com/nv-tlabs/ArtiFixer,https://huggingface.co/nvidia/ArtiFixer,public,1.3B・14B。Wanベースモデルが別途必要。,2026-09-06
GeoQuery: Geometry-Query Diffusion for Sparse-View Reconstruction,3D復元・理解,https://doi.org/10.1145/3799902.3811222,https://github.com/Xiaoc7/GeoQuery,https://huggingface.co/DIG-UESTC/GeoQuery,public,拡散refinerの重み。,2026-09-06
MegaNorm: Local Patch Embeddings for Efficient and Robust Point Normal Orientation at Super-Large Scale,3D復元・理解,https://doi.org/10.1145/3799902.3811139,https://github.com/zd-lee/MegaNorm,https://huggingface.co/wlbbbbb/meganorm,public,patchnet等の重み。,2026-09-06
Mix3R: Mixing Feed-forward Reconstruction and Generative 3D Priors for Joint Multi-view Aligned 3D Reconstruction and Pose Estimation,3D復元・理解,https://doi.org/10.1145/3799902.3811152,https://github.com/jsnln/mix3r,https://modelscope.cn/models/jsnln00/mix3r,public,V1が論文版、V2が会議後の更新版。,2026-09-06
MTPano: Multi-Task Panoramic Scene Understanding via Label-Free Integration of Dense Prediction Priors,3D復元・理解,https://doi.org/10.1145/3799902.3811193,https://github.com/Evergreen0929/MTPano,https://huggingface.co/jdzhang0929/MTPano,public,140k・408kチェックポイント。,2026-09-06
PointLLM-R: Enhancing 3D Point Cloud Reasoning via Chain-of-Thought,3D復元・理解,https://doi.org/10.1145/3799902.3811081,https://github.com/Xqle/PointLLM-R,https://huggingface.co/QileXu/PointLLM-R-7B,public,7Bモデル。,2026-09-06
TrajVG: 3D Trajectory-Coupled Visual Geometry Learning,3D復元・理解,https://doi.org/10.1145/3799902.3811184,https://github.com/xingy038/TrajVG,https://drive.google.com/file/d/1vk27rkLPJrYVUgD7tCFw2ti5NQLYk2PK/view,public,3D軌跡と幾何復元の学習済みモデル。,2026-09-06
Adaptive Interpolation-Synthesis for Motion In-Betweening on Keyframe-Based Animation,モーション・アニメーション,https://doi.org/10.1145/3799902.3811157,https://github.com/animaj-lab/mib-ais,https://huggingface.co/AnimajSAS/AIS_BI_LSTM_v0,public,AIS-BiLSTMの学習済みモデル。,2026-09-06
Autoregressive Diffusion with Hybrid Representation for Interactive Human Motion Generation,モーション・アニメーション,https://doi.org/10.1145/3811284,https://github.com/nv-tlabs/ardy,https://huggingface.co/nvidia/ARDY-Core-RP-20FPS-Horizon40 ; https://huggingface.co/nvidia/ARDY-Core-RP-20FPS-Horizon8 ; https://huggingface.co/nvidia/ARDY-G1-RP-25FPS-Horizon52 ; https://huggingface.co/nvidia/ARDY-G1-RP-25FPS-Horizon8,public,ARDY。テキストエンコーダーのLlamaは申請が必要。,2026-09-06
GPC: Large-Scale Generative Pretraining for Transferable Motor Control,モーション・アニメーション,https://doi.org/10.1145/3799902.3811038,https://github.com/NVlabs/ProtoMotions,https://github.com/NVlabs/ProtoMotions/tree/main/data/pretrained_models/gpc_prior/soma_bones,public,GPC priorの学習済みモデル。,2026-09-06
Matérn Noise for Triangulation-Agnostic Flow Matching on Meshes,モーション・アニメーション,https://doi.org/10.1145/3811309,https://github.com/kts707/Matern-FM,https://github.com/kts707/Matern-FM/releases/tag/v1.0.0,public,6つの.ckptをGitHub Releasesで配布。,2026-09-06
MotionBricks: Scalable Real-Time Motions with Modular Latent Generative Model and Smart Primitives,モーション・アニメーション,https://doi.org/10.1145/3811334,https://github.com/NVlabs/GR00T-WholeBodyControl/tree/main/motionbricks,https://github.com/NVlabs/GR00T-WholeBodyControl/tree/main/motionbricks/out,public,プレビュー版。VQVAE・pose・rootの重みとG1デモ。,2026-09-06
MUSIC: Learning Muscle-Driven Dexterous Hand Control,モーション・アニメーション,https://doi.org/10.1145/3811402,https://github.com/xupei0610/music,https://github.com/xupei0610/music/tree/main/pretrained,public,joint・muscle_trackingの学習済みポリシーを同梱。,2026-09-06
R-DMesh: Video-Guided 3D Animation via Rectified Dynamic Mesh Flow,モーション・アニメーション,https://doi.org/10.1145/3799902.3811135,https://github.com/Tencent-Hunyuan/R-DMesh,https://huggingface.co/JarrentWu/R-DMesh,public,DVAEとRectified Flow。Wan2.2を併用。,2026-09-06
SMP: Reusable Score-Matching Motion Priors for Physics-Based Character Control,モーション・アニメーション,https://doi.org/10.1145/3811282,https://github.com/xbpeng/MimicKit,https://1sfu-my.sharepoint.com/:u:/g/personal/xbpeng_sfu_ca/EclKq9pwdOBAl-17SogfMW0Bved4sodZBQ_5eZCiz9O--w?e=bqXBaa,public,公式配布アーカイブ内のモデル。SMPの設定はMimicKitに収録。,2026-09-06
TopoCap: Learning Topology-Agnostic Motion Priors for Monocular Video-to-Animation,モーション・アニメーション,https://doi.org/10.1145/3799902.3811159,https://github.com/czpcf/TopoCap,https://huggingface.co/duckduckplz/TopoCap,public,VAE・Flowのモーションモデル。DINOv3は別途申請。,2026-09-06
EchoAvatar: Real-time Generative Avatar Animation from Audio Streams,人体・顔・アバター,https://doi.org/10.1145/3799902.3811066,https://github.com/RobinWitch/EchoAvatar,https://huggingface.co/robinwitch/EchoAvatar,public,音声駆動モデルとUnityパッケージ。,2026-09-06
EgoForce: Forearm-Guided Camera-Space 3D Hand Pose from a Monocular Egocentric Camera,人体・顔・アバター,https://doi.org/10.1145/3799902.3811047,https://github.com/dfki-av/EgoForce,https://huggingface.co/chris10/EgoForce,public,モデル配布元は公式ダウンロードスクリプトで確認。,2026-09-06
EgoRelight: Egocentric Human Capture and Illumination Recovery for Relightable and Photoreal Avatar Rendering,人体・顔・アバター,https://doi.org/10.1145/3811346,https://github.com/jcjackch/EgoRelight,https://gvv-assets.mpi-inf.mpg.de/EgoRelight,registration_required,配布サイトに登録・ログインが必要。被写体別重み等を配布。static-lighting appearance networkは未配布。,2026-09-06
OmniHands: Robust Motion Capture of Interactive Hands via A Versatile Transformer,人体・顔・アバター,https://doi.org/10.1145/3807943,https://github.com/LinDixuan/OmniHands,https://drive.google.com/file/d/1ZoP4qmYE8MyXCfhGK5meWWfBOYpy1VZ7/view ; https://drive.google.com/file/d/1jLo7cFIWeDXep_hhvumWdm90QIwy_HwB/view ; https://drive.google.com/file/d/10EZF6qLQuTyrxS0glP23HFOAdiLQ9gy7/view,public,画像・動画・複数視点の重み。MANOは別途利用条件あり。,2026-09-06
Learning a Delighting Prior for Facial Appearance Capture in the Wild,人体・顔・アバター,https://doi.org/10.1145/3811303,https://github.com/yxuhan/OpenDelight,https://drive.google.com/file/d/1bCIKOGNlKcGgObg5AeErUHkRTMuv0HHZ/view,public,OpenDelight。配布モデルと論文内モデルの一致を著者が説明。,2026-09-06
PEAR: Pixel-aligned Expressive humAn mesh Recovery,人体・顔・アバター,https://doi.org/10.1145/3799902.3811096,https://github.com/Pixel-Talk/PEAR,https://huggingface.co/BestWJH/PEAR_models,public,SMPL・SMPL-X・FLAMEには別途利用条件あり。,2026-09-06
VFAvatar: Feed-Forward 3D Avatar Reconstruction from Casual Image Collections,人体・顔・アバター,https://doi.org/10.1145/3799902.3811171,https://github.com/huangshuo200823/VFAvatar,https://drive.google.com/file/d/18ITE4nXa0eYQqZueqnnzcLJQyNhhyHW7/view,public,事前学習済みアバター復元モデル。,2026-09-06
Go-with-the-Track: Video Compositing and Motion Control with Point Tracking,動画生成・編集・リライティング,https://doi.org/10.1145/3799902.3811093,https://github.com/Eyeline-Labs/Go-with-the-Track,https://huggingface.co/Eyeline-Labs/Go-with-the-Track,public,動画合成・モーション制御のモデル。,2026-09-06
"LongE2V: Long-Horizon Event-based Video Reconstruction, Prediction, and Frame Interpolation with Video Diffusion Models",動画生成・編集・リライティング,https://doi.org/10.1145/3799902.3811151,https://github.com/cdfan0627/LongE2V,https://huggingface.co/fansam39/LongE2V,public,LoRA重み。,2026-09-06
MACE-Dance: Motion-Appearance Cascaded Experts for Music-Driven Dance Video Generation,動画生成・編集・リライティング,https://doi.org/10.1145/3799902.3811202,https://github.com/AMAP-ML/MACE-Dance,https://huggingface.co/GD-ML/MACE-Dance,public,Appearance Expertの重み。配布範囲はモデルカード参照。,2026-09-06
MV-S2V: Multi-View Subject-Consistent Video Generation,動画生成・編集・リライティング,https://doi.org/10.1145/3799902.3811131,https://github.com/Szy-Young/MV-S2V,https://huggingface.co/youngsong305/MV-S2V,public,14Bモデル。Wan2.1のVAE・T5を併用。,2026-09-06
OmniRoam: World Wandering via Long-Horizon Panoramic Video Generation,動画生成・編集・リライティング,https://doi.org/10.1145/3799902.3811180,https://github.com/yuhengliu02/OmniRoam,https://huggingface.co/Yuheng02/OmniRoam,public,Preview・Self-forcing・Refineの3段階モデル。,2026-09-06
Relit-LiVE: Relight Video by Jointly Learning Environment Video,動画生成・編集・リライティング,https://doi.org/10.1145/3799902.3811200,https://github.com/zhuxing0/Relit-LiVE,https://huggingface.co/weiqingXiao/Relit-LiVE,public,画像・動画用の複数チェックポイント。,2026-09-06
UniVidX: A Unified Multimodal Framework for Versatile Video Generation via Diffusion Priors,動画生成・編集・リライティング,https://doi.org/10.1145/3811304,https://github.com/houyuanchen111/UniVidX,https://huggingface.co/houyuanchen/UniVidX,public,UniVid-Intrinsic・UniVid-Alpha。,2026-09-06
VFXMaster: Unlocking Dynamic Visual Effect Generation via In-Context Learning,動画生成・編集・リライティング,https://doi.org/10.1145/3799902.3811208,https://github.com/libaolu312/VFXMaster,https://huggingface.co/8ruceLi/VFXMaster,public,In-Context ConditioningとOne-shot Adaptationの重み。,2026-09-06
BFS: Back-to-Front Layered Image Synthesis via Knowledge Transfer,画像生成・編集・材質,https://doi.org/10.1145/3799902.3811228,https://github.com/kkang831/BFS_Release,https://drive.google.com/file/d/1u4ZIz_MRvVDeJ9Qv4E2zLTPxMldy_TGP/view ; https://drive.google.com/file/d/1AgxztNBgi2vYW4FKA3VTXESNxGUKWf4-/view,public,Transparency VAEとBFSの配布ファイルを確認。FLUX.1-Fill-devには条件同意が必要。,2026-09-06
BoxCtrl: 3D-Aware Visual Prompting for Geometric Image Editing,画像生成・編集・材質,https://doi.org/10.1145/3799902.3811169,https://github.com/beaglew/BoxCtrl,https://huggingface.co/wakalaka/BoxCtrl,public,LoRA。FLUX.1-Kontext-devは条件同意が必要。,2026-09-06
ComboStoc: Combinatorial Stochasticity for Diffusion Generative Models,画像生成・編集・材質,https://doi.org/10.1145/3811285,https://github.com/Xrvitd/ComboStoc,https://drive.google.com/drive/folders/1EgIIbiN1Xup_wgjh1ksL2UV8_Qj2O1Pq,public,XL/2・UNSYNC_ALL・800Kのモデル。,2026-09-06
Controllable Texture Tiling via Diffusion Transformers with Transformed Rotary Embeddings,画像生成・編集・材質,https://doi.org/10.1145/3799902.3811172,https://github.com/Junrongh/ControlTile,https://modelscope.cn/models/heika94/control-tile/summary,public,ControlTile LoRA。,2026-09-06
FIT: A Large-Scale Dataset for Fit-Aware Virtual Try-On,画像生成・編集・材質,https://doi.org/10.1145/3799902.3811168,https://github.com/HarryWang355/FIT-VTO,https://huggingface.co/Yuanhao-Harry-Wang/FIT-sim2real,public,公開モデルはデータ生成用Sim2Real LoRA。,2026-09-06
HairPort: In-context 3D-aware Hair Import and Transfer for Images,画像生成・編集・材質,https://doi.org/10.1145/3799902.3811046,https://github.com/deepmancer/HairPort,https://huggingface.co/deepmancer/bald_konverter,public,Bald Converter LoRA。FLUX.1-Kontext等の依存モデルあり。,2026-09-06
LUCID: Learning Unified Control for Image Deflaring and Exposure Mastery in Nighttime Photography,画像生成・編集・材質,https://doi.org/10.1145/3799902.3811133,https://github.com/frakenation/LUCID,https://huggingface.co/OpticAI/LUCID,public,flare分離・restorationモデル。,2026-09-06
MAOAM: Unified Object and Material Selection with Vision-Language Models,画像生成・編集・材質,https://doi.org/10.1145/3799902.3811186,https://github.com/adobe-research/obj-and-mat-selection,https://huggingface.co/jpark677/maoam_ckpts,public,物体・材質選択モデル。,2026-09-06
See-through: Single-image Layer Decomposition for Anime Characters,画像生成・編集・材質,https://doi.org/10.1145/3799902.3811209,https://github.com/shitagaki-lab/see-through,https://huggingface.co/layerdifforg/seethroughv0.0.2_layerdiff3d ; https://huggingface.co/24yearsold/seethroughv0.0.1_marigold ; https://huggingface.co/24yearsold/l2d_sam_iter2,public,レイヤー生成・深度・部位分割モデル。,2026-09-06
StyleID: A Perception-Aware Dataset and Metric for Stylization-Agnostic Facial Identity Recognition,画像生成・編集・材質,https://doi.org/10.1145/3811360,https://github.com/kwanyun/StyleID,https://huggingface.co/kwanY/styleid,public,顔IDエンコーダー。,2026-09-06
VeraRetouch: A Lightweight Fully Differentiable Framework for Multi-Task Reasoning Photo Retouching,画像生成・編集・材質,https://doi.org/10.1145/3799902.3811065,https://github.com/OpenVeraTeam/VeraRetouch,https://huggingface.co/Gyh68/VeraRetouch ; https://huggingface.co/Gyh68/VeraRetouch.Encoder_Renderer,public,レタッチモデルとEncoder-Renderer。,2026-09-06
8DNA: 8D Neural Asset Light Transport by Distribution Learning,光学・レンダリング・VFX,https://doi.org/10.1145/3799902.3811094,https://github.com/lwwu2/8dna26,https://drive.google.com/file/d/1WeYpquFoDTZzbwpHotiwIRwKdBskULcY/view,public,アセット別の学習済みlight-transportモデル。,2026-09-06
Guidestar-Free Adaptive Optics with Asymmetric Apertures,光学・レンダリング・VFX,https://doi.org/10.1145/3809501,https://github.com/WeiyunJiang/guidestar-free-ao,https://drive.google.com/file/d/1e2GxutCBGbDSLIHtMcvRMSlsKAqJVtYH/view,public,Places2で学習したモデル群。,2026-09-06
Neural Quadrature Rule and Autoregressive Adaptive Sampling,光学・レンダリング・VFX,https://doi.org/10.1145/3811318,https://github.com/SuikaSibyl/nqr,https://drive.google.com/file/d/1gydL15reAH7DDNNiieg5VnS8oe0HqGDT/view,public,配布アーカイブにscenesとckpt。,2026-09-06
VfxDB: A Visual Effects Volume Dataset and Benchmark for VDB-Native Generative Modeling,光学・レンダリング・VFX,https://doi.org/10.1145/3799902.3811178,https://github.com/VfxDB-Official/VfxDB,https://huggingface.co/ryogishiki/VfxDB-models,public,論文用EMAチェックポイントを配布。,2026-09-06
Audio-Omni: Extending Multi-modal Understanding to Versatile Audio Generation and Editing,音声・吹き替え,https://doi.org/10.1145/3799902.3811191,https://github.com/ZeyueT/Audio-Omni,https://huggingface.co/HKUSTAudio/Audio-Omni,public,音声生成・編集モデル。,2026-09-06
Just-Dub-It: Video dubbing via Joint Audio-Visual Diffusion,音声・吹き替え,https://doi.org/10.1145/3799902.3811061,https://github.com/justdubit/just-dub-it,https://huggingface.co/justdubit/justdubit,terms_acceptance_required,HFで条件への同意が必要。,2026-09-06
